{
    "metadata": {
        "vertices": 136,
        "version": 3,
        "type": "Geometry",
        "faces": 166,
        "generator": "io_three",
        "normals": 79,
        "materials": 2,
        "uvs": 1
    },
    "vertices": [10.7348,11.1071,-5.55976,10.7348,11.1071,-4.23892,10.7348,11.6131,-5.55976,10.7348,11.6131,-4.23892,17.3401,11.1071,-5.55976,17.3401,11.1071,-4.23892,17.3401,11.6131,-5.55976,17.3401,11.6131,-4.23892,13.0719,9.99589,1.48779,12.6747,10.3641,1.58645,13.2439,9.63059,5.0823,13.2755,9.60285,5.07487,12.6747,10.7742,1.69633,13.0719,11.1424,1.795,13.2755,9.68924,5.09802,13.2439,9.6615,5.09058,13.9115,10.3641,1.58645,13.5143,9.99589,1.48779,13.3107,9.60285,5.07487,13.3423,9.63059,5.0823,13.5143,11.1424,1.795,13.9115,10.7742,1.69633,13.3423,9.6615,5.09058,13.3107,9.68924,5.09802,13.0545,15.7546,-20.0389,12.7052,16.0982,-19.9468,12.7052,10.3254,1.59778,13.0545,9.98171,1.5057,12.7052,16.5733,-19.8195,13.0545,16.917,-19.7274,13.0545,11.1441,1.81717,12.7052,10.8005,1.72508,13.8866,16.0982,-19.9468,13.5373,15.7546,-20.0389,13.5373,9.98171,1.5057,13.8866,10.3254,1.59778,13.5373,16.917,-19.7274,13.8866,16.5733,-19.8195,13.8866,10.8005,1.72508,13.5373,11.1441,1.81717,16.353,9.99589,1.48779,15.9558,10.3641,1.58645,16.525,9.63059,5.0823,16.5566,9.60285,5.07487,15.9558,10.7742,1.69634,16.353,11.1424,1.795,16.5566,9.68924,5.09802,16.525,9.6615,5.09058,17.1927,10.3641,1.58645,16.7954,9.99589,1.48779,16.5918,9.60285,5.07487,16.6234,9.63059,5.0823,16.7954,11.1424,1.795,17.1927,10.7742,1.69634,16.6234,9.6615,5.09058,16.5918,9.68924,5.09802,16.3356,15.7546,-20.0389,15.9863,16.0982,-19.9468,15.9863,10.3254,1.59779,16.3356,9.98171,1.5057,15.9863,16.5733,-19.8195,16.3356,16.917,-19.7274,16.3356,11.1441,1.81717,15.9863,10.8005,1.72508,17.1678,16.0982,-19.9468,16.8184,15.7546,-20.0389,16.8184,9.98171,1.5057,17.1678,10.3254,1.59779,16.8184,16.917,-19.7274,17.1678,16.5733,-19.8195,17.1678,10.8005,1.72508,16.8184,11.1441,1.81717,11.4567,11.7936,1.70438,11.0595,12.1618,1.60571,11.6287,13.2745,4.99996,11.6603,13.2467,5.0074,11.0595,12.5719,1.49583,11.4567,12.9401,1.39717,11.6603,13.3331,4.98425,11.6287,13.3054,4.99168,12.2964,12.1618,1.60571,11.8991,11.7936,1.70438,11.6955,13.2467,5.0074,11.7271,13.2745,4.99996,11.8991,12.9401,1.39717,12.2964,12.5719,1.49583,11.7271,13.3054,4.99168,11.6955,13.3331,4.98425,11.4393,6.0174,-19.8176,11.09,6.36108,-19.9097,11.09,12.1339,1.63488,11.4393,11.7903,1.72697,11.09,6.83615,-20.037,11.4393,7.17984,-20.1291,11.4393,12.9527,1.4155,11.09,12.609,1.50759,12.2715,6.36108,-19.9097,11.9221,6.0174,-19.8176,11.9221,11.7903,1.72697,12.2715,12.1339,1.63488,11.9221,7.17984,-20.1291,12.2715,6.83615,-20.037,12.2715,12.609,1.50759,11.9221,12.9527,1.4155,14.7378,11.7936,1.70438,14.3406,12.1618,1.60572,14.9098,13.2745,4.99996,14.9414,13.2467,5.0074,14.3406,12.5719,1.49584,14.7378,12.9401,1.39717,14.9414,13.3331,4.98425,14.9098,13.3054,4.99168,15.5775,12.1618,1.60572,15.1802,11.7936,1.70438,14.9766,13.2467,5.0074,15.0082,13.2745,4.99996,15.1802,12.9401,1.39717,15.5775,12.5719,1.49584,15.0082,13.3054,4.99168,14.9766,13.3331,4.98425,14.7204,6.0174,-19.8176,14.3711,6.36108,-19.9097,14.3711,12.1339,1.63488,14.7204,11.7903,1.72697,14.3711,6.83615,-20.037,14.7204,7.17984,-20.1291,14.7204,12.9527,1.4155,14.3711,12.609,1.50759,15.5526,6.36108,-19.9097,15.2032,6.0174,-19.8176,15.2032,11.7903,1.72697,15.5526,12.1339,1.63488,15.2032,7.17984,-20.1291,15.5526,6.83615,-20.037,15.5526,12.609,1.50759,15.2032,12.9527,1.4155],
    "name": "Cube.003Geometry",
    "faces": [43,2,0,1,3,1,2,3,0,1,0,1,2,3,43,3,7,6,2,1,0,1,2,3,3,4,5,0,43,7,5,4,6,1,0,1,2,3,4,6,7,5,43,0,4,5,1,1,2,3,0,1,1,7,6,2,43,0,2,6,4,1,0,1,2,3,1,0,5,7,43,5,7,3,1,1,0,1,2,3,6,4,3,2,42,8,16,17,1,4,10,11,8,9,10,42,20,21,16,1,8,9,10,11,12,9,42,12,13,20,1,6,7,8,13,14,11,42,8,9,12,1,4,5,6,8,15,13,42,8,20,16,1,4,8,10,8,11,9,42,8,12,20,1,4,6,8,8,13,11,43,22,19,16,21,1,12,13,10,9,16,17,9,12,42,18,10,11,1,14,18,19,18,19,20,42,14,15,10,1,16,17,18,21,22,19,42,22,23,14,1,12,15,16,16,23,21,42,18,19,22,1,14,13,12,18,17,16,42,18,14,10,1,14,16,18,18,21,19,42,18,22,14,1,14,12,16,18,16,21,43,18,11,8,17,1,14,19,20,11,18,20,8,10,43,14,23,20,13,1,16,15,8,7,21,23,11,14,43,8,11,10,9,1,20,19,18,21,8,20,19,15,43,14,13,12,15,1,16,22,23,17,21,14,13,22,43,22,21,20,23,1,12,9,8,15,16,12,11,23,43,18,17,16,19,1,14,11,10,13,18,10,9,17,43,10,15,12,9,1,18,17,23,21,19,22,13,15,42,24,32,33,0,24,30,31,24,25,26,42,36,37,32,0,28,29,30,27,28,25,42,28,29,36,0,26,27,28,29,30,27,42,24,25,28,0,24,25,26,24,31,29,42,24,36,32,0,24,28,30,24,27,25,42,24,28,36,0,24,26,28,24,29,27,43,38,35,32,37,0,32,33,34,35,32,33,25,28,42,34,26,27,0,31,25,24,34,35,36,42,30,31,26,0,27,26,25,37,38,35,42,38,39,30,0,29,28,27,32,39,37,42,34,35,38,0,31,30,29,34,33,32,42,34,30,26,0,31,27,25,34,37,35,42,34,38,30,0,31,29,27,34,32,37,43,34,27,24,33,0,36,37,38,39,34,36,24,26,43,30,39,36,29,0,37,36,39,38,37,39,27,30,43,24,27,26,25,0,40,41,42,43,24,36,35,31,43,30,29,28,31,0,44,45,46,47,37,30,29,38,43,38,37,36,39,0,32,35,48,49,32,28,27,39,43,34,33,32,35,0,50,51,34,33,34,26,25,33,43,26,31,28,25,0,33,32,35,34,35,38,29,31,42,40,48,49,1,4,10,11,8,9,10,42,52,53,48,1,8,9,10,11,12,9,42,44,45,52,1,6,7,8,13,14,11,42,40,41,44,1,4,5,6,8,15,13,42,40,52,48,1,4,8,10,8,11,9,42,40,44,52,1,4,6,8,8,13,11,43,54,51,48,53,1,12,13,10,9,16,17,9,12,42,50,42,43,1,14,18,19,18,40,20,42,46,47,42,1,16,17,18,21,22,40,42,54,55,46,1,12,15,16,16,41,21,42,50,51,54,1,14,13,12,18,17,16,42,50,46,42,1,14,16,18,18,21,40,42,50,54,46,1,14,12,16,18,16,21,43,50,43,40,49,1,14,19,20,11,18,20,8,10,43,46,55,52,45,1,16,15,8,7,21,41,11,14,43,40,43,42,41,1,20,19,18,21,8,20,40,15,43,46,45,44,47,1,16,22,23,17,21,14,13,22,43,54,53,52,55,1,12,9,8,15,16,12,11,41,43,50,49,48,51,1,14,11,10,13,18,10,9,17,43,42,47,44,41,1,18,17,23,21,40,22,13,15,42,56,64,65,0,24,30,31,24,42,26,42,68,69,64,0,28,29,30,27,28,42,42,60,61,68,0,26,27,28,29,30,27,42,56,57,60,0,24,25,26,24,31,29,42,56,68,64,0,24,28,30,24,27,42,42,56,60,68,0,24,26,28,24,29,27,43,70,67,64,69,0,32,33,34,35,32,43,42,28,42,66,58,59,0,31,25,24,34,44,36,42,62,63,58,0,27,26,25,37,38,44,42,70,71,62,0,29,28,27,32,39,37,42,66,67,70,0,31,30,29,34,43,32,42,66,62,58,0,31,27,25,34,37,44,42,66,70,62,0,31,29,27,34,32,37,43,66,59,56,65,0,36,37,38,39,34,36,24,26,43,62,71,68,61,0,37,36,39,38,37,39,27,30,43,56,59,58,57,0,40,41,42,43,24,36,44,31,43,62,61,60,63,0,44,45,46,47,37,30,29,38,43,70,69,68,71,0,32,35,48,49,32,28,27,39,43,66,65,64,67,0,50,51,34,33,34,26,42,43,43,58,63,60,57,0,33,32,35,34,44,38,29,31,42,72,80,81,1,4,10,11,45,46,47,42,84,85,80,1,8,9,10,48,49,46,42,76,77,84,1,6,7,8,50,51,48,42,72,73,76,1,4,5,6,45,52,50,42,72,84,80,1,4,8,10,45,48,46,42,72,76,84,1,4,6,8,45,50,48,43,86,83,80,85,1,12,13,10,9,53,54,46,49,42,82,74,75,1,14,18,19,55,56,57,42,78,79,74,1,16,17,18,58,59,56,42,86,87,78,1,12,15,16,53,60,58,42,82,83,86,1,14,13,12,55,54,53,42,82,78,74,1,14,16,18,55,58,56,42,82,86,78,1,14,12,16,55,53,58,43,82,75,72,81,1,14,19,20,11,55,57,45,47,43,78,87,84,77,1,16,15,8,7,58,60,48,51,43,72,75,74,73,1,20,19,18,21,45,57,56,52,43,78,77,76,79,1,16,22,23,17,58,51,50,59,43,86,85,84,87,1,12,9,8,15,53,49,48,60,43,82,81,80,83,1,14,11,10,13,55,47,46,54,43,74,79,76,73,1,18,17,23,21,56,59,50,52,42,88,96,97,0,24,30,31,61,62,63,42,100,101,96,0,28,29,30,64,65,62,42,92,93,100,0,26,27,28,66,67,64,42,88,89,92,0,24,25,26,61,68,66,42,88,100,96,0,24,28,30,61,64,62,42,88,92,100,0,24,26,28,61,66,64,43,102,99,96,101,0,32,33,34,35,69,70,62,65,42,98,90,91,0,31,25,24,71,72,73,42,94,95,90,0,27,26,25,74,75,72,42,102,103,94,0,29,28,27,69,76,74,42,98,99,102,0,31,30,29,71,70,69,42,98,94,90,0,31,27,25,71,74,72,42,98,102,94,0,31,29,27,71,69,74,43,98,91,88,97,0,36,37,38,39,71,73,61,63,43,94,103,100,93,0,37,36,39,38,74,76,64,67,43,88,91,90,89,0,40,41,42,43,61,73,72,68,43,94,93,92,95,0,44,45,46,47,74,67,66,75,43,102,101,100,103,0,32,35,48,49,69,65,64,76,43,98,97,96,99,0,50,51,34,33,71,63,62,70,43,90,95,92,89,0,33,32,35,34,72,75,66,68,42,104,112,113,1,4,10,11,45,46,47,42,116,117,112,1,8,9,10,48,49,46,42,108,109,116,1,6,7,8,