{
    "uvs": [],
    "vertices": [-0.238564,0.005562,2.05878,-0.808666,0.005562,1.81709,-1.23175,0.005562,1.38407,-1.46789,0.005562,0.800576,-0.821007,4.21018,0.671179,-0.685163,4.21018,1.00348,-0.441783,4.21018,1.25009,-0.113827,4.21018,1.38773,-1.46789,0.005562,0.199424,-1.23175,0.005562,-0.384071,-0.808666,0.005562,-0.817091,-0.238564,0.005562,-1.05878,-0.113827,4.21018,-0.387731,-0.441783,4.21018,-0.250087,-0.685163,4.21018,-0.003481,-0.821007,4.21018,0.328821,1.57811,0.005562,0.800576,1.34197,0.005562,1.38407,0.918891,0.005562,1.81709,0.348789,0.005562,2.05878,0.224052,4.21018,1.38773,0.552008,4.21018,1.25009,0.795388,4.21018,1.00348,0.931232,4.21018,0.671179,0.348789,0.005562,-1.05878,0.918891,0.005562,-0.817091,1.34197,0.005562,-0.384071,1.57811,0.005562,0.199424,0.931232,4.21018,0.328821,0.795388,4.21018,-0.003481,0.552008,4.21018,-0.250087,0.224052,4.21018,-0.387731,-0.041301,3.70563,1,-0.228465,3.70563,0.922474,-0.444887,3.70563,0.596413,-0.367362,3.70563,0.783577,-0.041301,3.70563,-0,-0.228465,3.70563,0.077526,-0.444887,3.70563,0.403586,-0.367362,3.70563,0.216422,0.555113,3.70563,0.403586,0.477587,3.70563,0.216422,0.151526,3.70563,-0,0.33869,3.70563,0.077526,0.151526,3.70563,1,0.33869,3.70563,0.922474,0.555113,3.70563,0.596413,0.477587,3.70563,0.783577,-0.228465,1.1042,0.922474,-0.444887,1.1042,0.596414,-0.041301,1.1042,-0,-0.367362,1.1042,0.216422,0.555113,1.1042,0.403586,0.33869,1.1042,0.077526,0.151526,1.1042,1,0.477587,1.1042,0.783577,-0.041301,1.1042,1,-0.367362,1.1042,0.783577,-0.228465,1.1042,0.077526,-0.444887,1.1042,0.403586,0.477587,1.1042,0.216422,0.151526,1.1042,-0,0.33869,1.1042,0.922474,0.555113,1.1042,0.596414],
    "name": "Cube.001Geometry",
    "faces": [33,33,6,5,35,0,1,2,3,33,60,26,25,53,4,5,6,7,33,58,10,9,51,8,9,10,11,33,49,59,8,3,12,13,14,15,33,62,18,17,55,16,17,18,19,33,0,19,54,56,20,21,22,23,33,50,61,24,11,24,25,26,27,33,52,63,16,27,28,29,30,31,32,20,6,7,32,1,33,32,4,5,6,34,2,1,32,14,15,4,35,36,34,32,12,13,14,37,38,35,32,30,31,12,39,40,37,32,28,29,30,41,42,39,32,22,23,28,43,44,41,32,20,21,22,32,45,43,32,20,4,6,32,34,1,32,12,14,4,37,35,34,32,28,30,12,41,39,37,32,20,22,28,32,43,41,32,20,12,4,32,37,34,32,20,28,12,32,41,37,33,32,7,6,33,46,33,1,0,33,49,3,2,57,12,15,47,48,33,50,11,10,58,24,27,9,8,33,38,15,14,39,49,36,35,50,33,52,27,26,60,28,31,5,4,33,42,31,30,43,51,40,39,52,33,54,19,18,62,22,21,17,16,33,46,23,22,47,53,44,43,54,32,0,18,19,20,17,21,32,16,17,18,30,18,17,32,26,27,16,5,31,30,32,24,25,26,26,6,5,32,10,11,24,9,27,26,32,8,9,10,14,10,9,32,2,3,8,47,15,14,32,0,1,2,20,55,47,32,0,16,18,20,30,17,32,24,26,16,26,5,30,32,8,10,24,14,9,26,32,0,2,8,20,47,14,32,0,24,16,20,26,30,32,0,8,24,20,14,26,33,63,46,47,55,29,53,54,19,33,20,44,45,21,32,56,57,45,33,61,42,43,53,25,51,52,7,33,28,40,41,29,41,58,59,42,33,59,38,39,51,13,49,50,11,33,12,36,37,13,37,60,61,38,33,4,34,35,5,34,62,3,2,33,56,32,33,48,23,46,0,63,33,28,23,46,40,41,44,53,58,33,12,31,42,36,37,40,51,60,33,20,7,32,44,32,33,46,56,33,21,45,47,22,45,57,54,43,33,4,15,38,34,34,36,49,62,33,13,37,39,14,38,61,50,35,33,29,41,43,30,42,59,52,39,33,48,33,35,57,63,0,3,48,33,1,48,57,2,55,63,48,47,33,0,56,48,1,20,23,63,55,33,8,59,51,9,14,13,11,10,33,24,61,53,25,26,25,7,6,33,16,63,55,17,30,29,19,18,33,44,54,62,45,56,22,16,57,33,40,52,60,41,58,28,4,59,33,36,50,58,37,60,24,8,61,33,34,49,57,35,62,12,48,3,33,40,46,63,52,58,53,29,28,33,36,42,61,50,60,51,25,24,33,44,32,56,54,56,46,23,22,33,45,62,55,47,57,16,19,54,33,34,38,59,49,62,49,13,12,33,37,58,51,39,61,8,11,50,33,41,60,53,43,59,4,7,52],
    "metadata": {
        "uvs": 0,
        "vertices": 64,
        "version": 3,
        "normals": 64,
        "faces": 76,
        "generator": "io_three",
        "type": "Geometry"
    },
    "normals": [-0.524888,-0.336558,0.781793,-0.510758,0.401227,0.760308,-0.761742,0.403851,0.506546,-0.784997,-0.333842,0.521805,0.767846,0.389782,-0.508408,0.779504,-0.356822,-0.514756,0.524155,-0.353496,-0.774743,0.513932,0.392926,-0.762505,-0.513932,0.392926,-0.762505,-0.524155,-0.353496,-0.774743,-0.779504,-0.356822,-0.514756,-0.767846,0.389782,-0.508408,-0.904294,0.387738,0.178503,-0.904294,0.387738,-0.178503,-0.91586,-0.35902,-0.17954,-0.91586,-0.35902,0.17954,0.513932,0.392926,0.762505,0.524155,-0.353496,0.774743,0.779504,-0.356822,0.514756,0.767846,0.389782,0.508408,-0.184393,-0.350993,0.918027,0.184393,-0.350993,0.918027,0.180944,0.395337,0.90051,-0.180944,0.395337,0.90051,-0.180944,0.395337,-0.90051,0.180944,0.395337,-0.90051,0.184393,-0.350993,-0.918027,-0.184393,-0.350993,-0.918027,0.904294,0.387738,-0.178503,0.904294,0.387738,0.178503,0.91586,-0.35902,0.17954,0.91586,-0.35902,-0.17954,0.179388,0.399213,0.899106,-0.179388,0.399213,0.899106,-0.896725,0.405591,0.177068,-0.761742,0.403851,-0.506546,-0.896725,0.405591,-0.177068,-0.179388,0.399213,-0.899106,-0.510758,0.401227,-0.760308,0.510758,0.401227,-0.760308,0.179388,0.399213,-0.899106,0.896725,0.405591,-0.177068,0.761742,0.403851,-0.506546,0.761742,0.403851,0.506546,0.896725,0.405591,0.177068,0.510758,0.401227,0.760308,-0.184637,-0.338633,0.922605,-0.779504,-0.356822,0.514756,-0.767846,0.389782,0.508408,-0.92523,-0.332133,-0.183325,-0.784997,-0.333842,-0.521805,0.184637,-0.338633,-0.922605,0.524888,-0.336558,-0.781793,0.92523,-0.332133,0.183325,0.784997,-0.333842,0.521805,-0.524155,-0.353496,0.774743,0.184637,-0.338633,0.922605,0.524888,-0.336558,0.781793,0.92523,-0.332133,-0.183325,0.784997,-0.333842,-0.521805,-0.184637,-0.338633,-0.922605,-0.524888,-0.336558,-0.781793,-0.92523,-0.332133,0.183325,-0.513932,0.392926,0.762505]
}